{
  "layer_2": {
    "layer": 2,
    "final_dice": 0.14761408615112304,
    "best_dice": 0.14770896434783937,
    "per_label_dice": {
      "spleen": 0.110163583292397,
      "kidney_right": 0.11420918559228134,
      "kidney_left": 0.1101429545569254,
      "liver": 0.286086048200097,
      "aorta": 0.10159873201579894
    },
    "train_losses": [
      0.9216895867139101,
      0.9176325276494026,
      0.903656542301178,
      0.8933616485446692,
      0.8853932730853558,
      0.8780434597283602,
      0.877094941213727,
      0.8741195369511843,
      0.8717988543212414,
      0.8712241351604462
    ]
  },
  "layer_5": {
    "layer": 5,
    "final_dice": 0.1895467997789383,
    "best_dice": 0.1895467997789383,
    "per_label_dice": {
      "spleen": 0.12285855935745804,
      "kidney_right": 0.14591814161052807,
      "kidney_left": 0.14129564499184083,
      "liver": 0.3887809190602263,
      "aorta": 0.12709058608357582
    },
    "train_losses": [
      0.9033990167081356,
      0.8700710646808147,
      0.850334208458662,
      0.8449744991958141,
      0.8376882150769234,
      0.8357517533004284,
      0.8325445279479027,
      0.8284508772194386,
      0.82841557264328,
      0.8249552007764578
    ]
  },
  "layer_8": {
    "layer": 8,
    "final_dice": 0.2113923794031143,
    "best_dice": 0.2124538073539734,
    "per_label_dice": {
      "spleen": 0.13263896014454166,
      "kidney_right": 0.1619857713465389,
      "kidney_left": 0.15322120197279468,
      "liver": 0.4016165294355855,
      "aorta": 0.18040518482556475
    },
    "train_losses": [
      0.9066356904804707,
      0.8640930447727442,
      0.8419430386275053,
      0.8305452894419432,
      0.8227777816355228,
      0.8176508098840714,
      0.813085014000535,
      0.8108588308095932,
      0.8016195725649595,
      0.80031318962574
    ]
  },
  "layer_11": {
    "layer": 11,
    "final_dice": 0.21112643694877625,
    "best_dice": 0.21112643694877625,
    "per_label_dice": {
      "spleen": 0.14152010529630457,
      "kidney_right": 0.13953162600512506,
      "kidney_left": 0.14321454425760144,
      "liver": 0.43231895433001566,
      "aorta": 0.1664400544258803
    },
    "train_losses": [
      0.9109090305864811,
      0.8717117737978697,
      0.847891928628087,
      0.8370788600295782,
      0.827017966657877,
      0.8191398810595274,
      0.8131483402103186,
      0.7989518605172634,
      0.8065273687243462,
      0.8013023566454649
    ]
  }
}