{
  "layer_2": {
    "layer": 2,
    "final_dice": 0.3575945910364389,
    "best_dice": 0.35814268776774405,
    "per_label_dice": {
      "spleen": 0.30840354258660496,
      "kidney_right": 0.1701545349266068,
      "kidney_left": 0.18551020791819417,
      "liver": 0.6521112332035872,
      "aorta": 0.39179883058104237
    },
    "train_losses": [
      0.7791801492373148,
      0.7065880204003955,
      0.6829763177841429,
      0.6767016999305241,
      0.6693499362657941,
      0.658892862380497,
      0.6560414764616225,
      0.6516983925350128,
      0.6466766264703538,
      0.6436209319129823
    ]
  },
  "layer_5": {
    "layer": 5,
    "final_dice": 0.39004430833458903,
    "best_dice": 0.39004430833458903,
    "per_label_dice": {
      "spleen": 0.34852806276348286,
      "kidney_right": 0.1877797129253848,
      "kidney_left": 0.21539859895752955,
      "liver": 0.6901331660835157,
      "aorta": 0.4252730699662515
    },
    "train_losses": [
      0.7511902981334262,
      0.6787943840026855,
      0.6556855033314417,
      0.6405262786244589,
      0.633050471071213,
      0.6266177514242748,
      0.6223677917132302,
      0.6162516559873309,
      0.6170979776079693,
      0.6144854085786002
    ]
  },
  "layer_8": {
    "layer": 8,
    "final_dice": 0.4113889812231064,
    "best_dice": 0.4113889812231064,
    "per_label_dice": {
      "spleen": 0.3816306117049635,
      "kidney_right": 0.20827908273376677,
      "kidney_left": 0.24560463518594453,
      "liver": 0.7065012027932839,
      "aorta": 0.4347820271248522
    },
    "train_losses": [
      0.7230123707226345,
      0.6566864176402016,
      0.6322892923203726,
      0.6197520967513795,
      0.6105843924340748,
      0.6028491097783285,
      0.5996890323502677,
      0.5938673132941836,
      0.5907525126896207,
      0.5858885806704325
    ]
  },
  "layer_11": {
    "layer": 11,
    "final_dice": 0.41226953744888306,
    "best_dice": 0.41226953744888306,
    "per_label_dice": {
      "spleen": 0.3783883922860977,
      "kidney_right": 0.21803017209460815,
      "kidney_left": 0.2566189496453522,
      "liver": 0.6963633269579573,
      "aorta": 0.4354799459879579
    },
    "train_losses": [
      0.7305073586721269,
      0.6564975541735453,
      0.6327261640912011,
      0.6160326486542111,
      0.6084853959461999,
      0.603345947606223,
      0.5946368471024528,
      0.59096588407244,
      0.5902971313113258,
      0.586250434792231
    ]
  }
}